Sybex,0000000001,"124 Lane Ave, Columbus, Ohio 43210"
John Wiley & Sons,0000000002,"125 Lane Ave, Columbus, Ohio 43210"
Morgan Kaufmann,0000000003,"126 Lane Ave, Columbus, Ohio 43210"
"Schmidt Ink, Inc.",0000000004,"127 Lane Ave, Columbus, Ohio 43210"
Addison-Wesley Pub Co,0000000005,"128 Lane Ave, Columbus, Ohio 43210"
Macromedia Press,0000000006,"129 Lane Ave, Columbus, Ohio 43210"
Addison-Wesley Publishing,0000000007,"130 Lane Ave, Columbus, Ohio 43210"
Wrox Press Inc,0000000008,"131 Lane Ave, Columbus, Ohio 43210"
Berkley Pub Group,0000000009,"132 Lane Ave, Columbus, Ohio 43210"
Penguin USA ,0000000010,"133 Lane Ave, Columbus, Ohio 43210"
O'Reilly & Associates,0000000011,"134 Lane Ave, Columbus, Ohio 43210"
McGraw-Hill Trade,0000000012,"135 Lane Ave, Columbus, Ohio 43210"
Picador,0000000013,"136 Lane Ave, Columbus, Ohio 43210"
St. Martin's Press,0000000014,"137 Lane Ave, Columbus, Ohio 43210"
Crown Pub,0000000015,"138 Lane Ave, Columbus, Ohio 43210"
Little Brown & Company,0000000016,"139 Lane Ave, Columbus, Ohio 43210"
Simon & Schuster,0000000017,"140 Lane Ave, Columbus, Ohio 43210"
HarperCollins,0000000018,"141 Lane Ave, Columbus, Ohio 43210"
Jossey-Bass,0000000019,"142 Lane Ave, Columbus, Ohio 43210"
Multnomah Publishers Inc.,0000000020,"143 Lane Ave, Columbus, Ohio 43210"
Perennial,0000000021,"144 Lane Ave, Columbus, Ohio 43210"
Dell Pub Co,0000000022,"145 Lane Ave, Columbus, Ohio 43210"
Harlequin,0000000023,"146 Lane Ave, Columbus, Ohio 43210"
Viking Press,0000000024,"147 Lane Ave, Columbus, Ohio 43210"
Perseus Publishing,0000000025,"148 Lane Ave, Columbus, Ohio 43210"
Random House,0000000026,"149 Lane Ave, Columbus, Ohio 43210"
Knopf,0000000027,"150 Lane Ave, Columbus, Ohio 43210"
"Wolfram Media, Inc.",0000000028,"151 Lane Ave, Columbus, Ohio 43210"
Fireside,0000000029,"152 Lane Ave, Columbus, Ohio 43210"
Random House Trade Paperbacks,0000000030,"153 Lane Ave, Columbus, Ohio 43210"
Gibbs Smith Publisher,0000000031,"154 Lane Ave, Columbus, Ohio 43210"
Taunton Pr,0000000032,"155 Lane Ave, Columbus, Ohio 43210"
Vendome Pr,0000000033,"156 Lane Ave, Columbus, Ohio 43210"
Clarkson N. Potter,0000000034,"157 Lane Ave, Columbus, Ohio 43210"
MIT Press,0000000035,"158 Lane Ave, Columbus, Ohio 43210"
McGraw-Hill/Irwin,0000000036,"159 Lane Ave, Columbus, Ohio 43210"
South-Western College Pub,0000000037,"160 Lane Ave, Columbus, Ohio 43210"
Prentice Hall,0000000038,"161 Lane Ave, Columbus, Ohio 43210"
Warner Books,0000000039,"162 Lane Ave, Columbus, Ohio 43210"
Scribner,0000000040,"163 Lane Ave, Columbus, Ohio 43210"
Pocket Books,0000000041,"164 Lane Ave, Columbus, Ohio 43210"
Pantheon Books,0000000042,"165 Lane Ave, Columbus, Ohio 43210"
Del Rey,0000000043,"166 Lane Ave, Columbus, Ohio 43210"
Doubleday,0000000044,"167 Lane Ave, Columbus, Ohio 43210"
"Donald M. Grant Publisher, Inc.",0000000045,"168 Lane Ave, Columbus, Ohio 43210"
Vintage Books,0000000046,"169 Lane Ave, Columbus, Ohio 43210"
Scribner Paperback Fiction,0000000047,"170 Lane Ave, Columbus, Ohio 43210"
Harvest Books,0000000048,"171 Lane Ave, Columbus, Ohio 43210"
Harperperennial Library,0000000049,"172 Lane Ave, Columbus, Ohio 43210"
W.W. Norton & Company,0000000050,"173 Lane Ave, Columbus, Ohio 43210"
Harvard Univ Pr,0000000051,"174 Lane Ave, Columbus, Ohio 43210"
Prentice Hall PTR,0000000052,"175 Lane Ave, Columbus, Ohio 43210"
New Riders Publishing,0000000053,"176 Lane Ave, Columbus, Ohio 43210"
Ballantine Books,0000000054,"177 Lane Ave, Columbus, Ohio 43210"
Back Bay Books,0000000055,"178 Lane Ave, Columbus, Ohio 43210"
Anchor Books,0000000056,"179 Lane Ave, Columbus, Ohio 43210"
Putnam Pub Group,0000000057,"180 Lane Ave, Columbus, Ohio 43210"
Silhouette,0000000058,"181 Lane Ave, Columbus, Ohio 43210"
Lark Books,0000000059,"182 Lane Ave, Columbus, Ohio 43210"
Harper,0000000060,"183 Lane Ave, Columbus, Ohio 43210"
